Sernum,tNodeID1,nodeZone1,tNodeID2,nodeZone2,reacT,ptMax,lifeTime,interestRate,costPerCap,preAbsence
1,1,1,2,3,0.05917,100,50,0.05,4.4,0
2,5,3,2,1,0.22304,100,57,0.045,4,0
3,10,1,4,3,0.19797,100,29,0.03,8.5,0
4,19,2,14,1,0.0575,100,35,0.1,6.3,0
5,23,2,4,3,0.1652,100,50,0.05,2.8,0
6,2,3,15,2,0.1737,100,57,0.045,7,0