zoneNum,gNodeID,C2,C1,C0,PgMax,PgMin
1,1,0.0430293,20,0,332.4,0
1,2,0.25,20,0,140,0
2,1,0.02,2,0,80,0
2,2,0.0175,1.75,0,80,0
2,13,0.0625,1,0,40,0
2,22,0.00834,3.25,0,50,0
2,23,0.025,3,0,30,0
2,27,0.025,3,0,55,0
3,1,0.0430293,2,0,332.4,0
3,2,0.25,2,0,140,0