Voll,Demand_Segment,Cost_of_Demand_Curtailment_per_MW,Max_Demand_Curtailment,$/MWh,Rep_Periods,Timesteps_per_Rep_Period,Sub_Weights,Time_Index,Demand_MW_z1,Demand_MW_z2,Demand_MW_z3,Demand_MW_z4,Demand_MW_z5,Demand_MW_z6,Demand_MW_z7,Demand_MW_z8,Demand_MW_z9,Demand_MW_z10,Demand_MW_z11,Demand_MW_z12,Demand_MW_z13,Demand_MW_z14,Demand_MW_z15,Demand_MW_z16,Demand_MW_z17,Demand_MW_z18,Demand_MW_z19,Demand_MW_z20,Demand_MW_z21,Demand_MW_z22,Demand_MW_z23,Demand_MW_z24,Demand_MW_z25,Demand_MW_z26,Demand_MW_z27,Demand_MW_z28,Demand_MW_z29,Demand_MW_z30,Demand_MW_z31,Demand_MW_z32,Demand_MW_z33,Demand_MW_z34,Demand_MW_z35,Demand_MW_z36,Demand_MW_z37,Demand_MW_z38,Demand_MW_z39,Demand_MW_z40,Demand_MW_z41,Demand_MW_z42,Demand_MW_z43,Demand_MW_z44,Demand_MW_z45,Demand_MW_z46,Demand_MW_z47,Demand_MW_z48,Demand_MW_z49
2000000,1,1,1,2000,1,2,2,1,0,8.555155422,2.89001851,9.916018445,2.642575543,3.248197368,0,0,5.853570106,5.795040112,1.145804105,2.479127137,4.515050017,0.656644847,0,10.55984263,1.027645458,3.722496183,0,0,7.814365333,16.7452551,0,2.919797578,0,1.825865908,0,3.788974289,4.643039382,1.144484979,0.714257076,1.276601266,4.553397317,0.86534925,9.247170872,0,1.751161223,1.260964941,0,2.235875505,0,0,0.667465099,1.770310584,0,6.938602142,22.12319224,7.615239464,9.012177317
,2,0.9,0.04,1800,,,,2,0,6.356824183,32.86648636,35.25617024,4.067724758,0.156004797,0,0,19.95403581,2.534064235,0.516721603,3.551066213,0.476111433,6.939551722,0,1.382360608,0.102786586,3.102083236,0,0,0.134151145,1.969900675,0,3.548354159,0,1.392737576,0,4.585211475,4.863731599,0.264131703,1.889252986,2.093539542,4.966017588,0.666936275,1.109062714,0,1.153337298,5.807227256,0,2.253858316,0,0,0.245048474,6.917247177,0,1.44223248,27.84346384,4.952455074,11.89088567
,3,0.55,0.024,1100,,,,,,,,,,,,,,,,,,,,,,,,,,,,,,,,,,,,,,,,,,,,,,,,,,,,,
,4,0.2,0.003,400,,,,,,,,,,,,,,,,,,,,,,,,,,,,,,,,,,,,,,,,,,,,,,,,,,,,,